{
	"format_version": "1.8.0",
	"animations": {
		"animation.model.loop": {
			"loop": true,
			"animation_length": 1.8,
			"bones": {
				"ring1": {
					"rotation": {
						"0.0": [2.66691, -14.72744, -15.42116],
						"0.9": {
							"post": [1.75378, 9.84655, 10.15108],
							"lerp_mode": "catmullrom"
						},
						"1.8": [2.66691, -14.72744, -15.42116]
					}
				},
				"tentacle1_2": {
					"rotation": {
						"0.0": [0, 0, 0],
						"0.45": [1.75378, -9.84655, -10.15108],
						"0.9": [0, 0, 0],
						"1.35": [1.75378, 9.84655, 10.15108],
						"1.8": [0, 0, 0]
					}
				},
				"tentacle1_3": {
					"rotation": {
						"0.0": [0.55, 4.13, 4.2],
						"0.25": [0, 0, 0],
						"0.7": [0.98448, -7.43547, -7.56397],
						"1.15": [0, 0, 0],
						"1.6": [0.98448, 7.43547, 7.56397],
						"1.8": [0.55, 4.13, 4.2]
					}
				},
				"tentacle1_4": {
					"rotation": {
						"0.0": [0.98448, 7.43547, 7.56397],
						"0.45": [0, 0, 0],
						"0.9": [0.98448, -7.43547, -7.56397],
						"1.35": [0, 0, 0],
						"1.8": [0.98448, 7.43547, 7.56397]
					}
				},
				"tentacle1_5": {
					"rotation": {
						"0.0": [0.66, 4.96, 5.04],
						"0.15": [0.98448, 7.43547, 7.56397],
						"0.6": [0, 0, 0],
						"1.05": [0.98448, -7.43547, -7.56397],
						"1.5": [0, 0, 0],
						"1.8": [0.66, 4.96, 5.04]
					}
				},
				"tentacle1_6": {
					"rotation": {
						"0.0": [0.34, 3.31, 3.36],
						"0.25": [0.7667, 7.45455, 7.55947],
						"0.7": {
							"post": [0, 0, 0],
							"lerp_mode": "catmullrom"
						},
						"1.15": [0.9841, -7.45462, -7.55468],
						"1.6": [0, 0, 0],
						"1.8": [0.34, 3.31, 3.36]
					}
				},
				"tentacle1_7": {
					"rotation": {
						"0.0": [0.22, 1.65, 1.68],
						"0.35": [0.98448, 7.43547, 7.56397],
						"0.8": {
							"post": [0, 0, 0],
							"lerp_mode": "catmullrom"
						},
						"1.25": [0.98448, -7.43547, -7.56397],
						"1.7": [0, 0, 0],
						"1.8": [0.22, 1.65, 1.68]
					}
				}
			}
		},
		"animation.model.new": {
			"loop": "hold_on_last_frame",
			"animation_length": 0.5,
			"bones": {
				"jaw": {
					"rotation": {
						"0.0": [0, 0, 0],
						"0.5": [0, 0, -20]
					},
					"position": {
						"0.0": [0, 0, 0],
						"0.5": [12, -29, 0]
					}
				},
				"connect": {
					"rotation": {
						"0.0": [0, 0, 0],
						"0.5": [0, 0, -37.5]
					}
				}
			}
		}
	}
}