{
	"format_version": "1.8.0",
	"animations": {
		"animation.miko.flame": {
			"loop": "hold_on_last_frame",
			"animation_length": 0.55,
			"bones": {
				"upper_body": {
					"rotation": {
						"0.0": [0, 0, 0],
						"0.15": [0, 2.5, 0]
					}
				},
				"head": {
					"rotation": {
						"0.05": [0, 0, 0],
						"0.15": [0, 27.5, 0]
					}
				},
				"rhand": {
					"rotation": {
						"0.0": [0, 0, 0],
						"0.15": [-80.79864, 17.13502, -14.08618]
					}
				},
				"stick": {
					"rotation": {
						"0.0": [0, 0, 0],
						"0.05": [47.82185, -35.79621, -43.55273],
						"0.15": [57.51564, 0.75155, 2.38443]
					}
				},
				"paper": {
					"rotation": {
						"0.0": [0, 0, 0],
						"0.15": [69.76331, -1.17824, 42.85158],
						"0.35": [-7.4667, -3.13682, 35.60427],
						"0.45": [18.45086, -2.08589, 15.60651]
					}
				},
				"root": {
					"rotation": {
						"0.0": [0, 0, 0],
						"0.15": [0, -30, 0]
					}
				}
			},
			"timeline": {
				"0.55": "scoreboard players set #ANIM_LOCK number 2"
			}
		},
		"animation.miko.flame_loop": {
			"loop": true,
			"animation_length": 0.3,
			"bones": {
				"upper_body": {
					"rotation": [0, 2.5, 0]
				},
				"head": {
					"rotation": [0, 27.5, 0]
				},
				"rhand": {
					"rotation": [-80.79864, 17.13502, -14.08618],
					"position": {
						"0.0": [0, 0, 0],
						"0.15": {
							"post": [0, 0.5, 0],
							"lerp_mode": "catmullrom"
						},
						"0.3": [0, 0, 0]
					}
				},
				"stick": {
					"rotation": [57.51564, 0.75155, 2.38443]
				},
				"paper": {
					"rotation": [18.45086, -2.08589, 15.60651]
				},
				"root": {
					"rotation": [0, -30, 0]
				}
			}
		},
		"animation.miko.flame_end": {
			"loop": "hold_on_last_frame",
			"animation_length": 0.8,
			"bones": {
				"upper_body": {
					"rotation": {
						"0.4": [0, 2.5, 0],
						"0.5": [0, 0, 0]
					}
				},
				"head": {
					"rotation": {
						"0.35": [0, 27.5, 0],
						"0.5": [0, 0, 0]
					}
				},
				"rhand": {
					"rotation": {
						"0.4": [-80.79864, 17.13502, -14.08618],
						"0.5": [0, 0, 0]
					}
				},
				"stick": {
					"rotation": {
						"0.0": [57.51564, 0.75155, 2.38443],
						"0.15": [50.46013, -32.31921, -68.56998],
						"0.4": [50.46013, -32.31921, -68.56998],
						"0.5": [0, 0, 0]
					}
				},
				"paper": {
					"rotation": {
						"0.0": [18.45086, -2.08589, 15.60651],
						"0.15": [67.92, -1.46, 10.92],
						"0.35": [29.11, -0.63, 4.68],
						"0.45": [-35.89, -0.63, 4.68],
						"0.6": [0, 0, 0],
						"0.7": [17.5, 0, 0],
						"0.8": [0, 0, 0]
					}
				},
				"root": {
					"rotation": {
						"0.35": [0, -30, 0],
						"0.5": [0, 0, 0]
					}
				}
			},
			"timeline": {
				"0.8": "scoreboard players reset #ANIM_LOCK number"
			}
		},
		"animation.miko.thunder": {
			"loop": "hold_on_last_frame",
			"animation_length": 0.3,
			"bones": {
				"rhand": {
					"rotation": {
						"0.0": [0, 0, 0],
						"0.15": [0, 0, 5]
					}
				},
				"paper": {
					"rotation": {
						"0.0": [0, 0, 0],
						"0.15": [0.21783, -2.57594, -9.6658],
						"0.25": [0.05634, -1.29679, -4.8346]
					}
				},
				"root": {
					"position": {
						"0.0": [0, 0, 0],
						"0.2": [0, -1, 0]
					}
				},
				"lhand": {
					"rotation": {
						"0.0": [0, 0, 0],
						"0.3": {
							"post": [-177.65059, -0.85481, 19.98247],
							"lerp_mode": "catmullrom"
						}
					}
				},
				"rleg": {
					"rotation": {
						"0.0": [0, 0, 0],
						"0.2": [-17.5, 0, 0]
					},
					"position": {
						"0.0": [0, 0, 0],
						"0.2": [0, 0.75, 0.1],
						"0.3": [0, 0.5, 0.1]
					}
				},
				"calf": {
					"rotation": {
						"0.0": [0, 0, 0],
						"0.2": [12.5, 0, 0]
					}
				},
				"lleg": {
					"rotation": {
						"0.0": [0, 0, 0],
						"0.2": [5, 0, 0]
					}
				},
				"calf2": {
					"rotation": {
						"0.0": [0, 0, 0],
						"0.2": [-7.5, 0, 0]
					}
				}
			}
		},
		"animation.miko.thunder_end": {
			"loop": "hold_on_last_frame",
			"animation_length": 0.8,
			"bones": {
				"rhand": {
					"rotation": {
						"0.0": [0, 0, 5],
						"0.3": [0, 0, 5],
						"0.8": [0, 0, 0]
					}
				},
				"paper": {
					"rotation": {
						"0.0": [0.05634, -1.29679, -4.8346],
						"0.3": [0.05634, -1.29679, -4.8346],
						"0.8": [0, 0, 0]
					}
				},
				"root": {
					"position": {
						"0.0": [0, -1, 0],
						"0.3": [0, -1, 0],
						"0.8": [0, 0, 0]
					}
				},
				"lhand": {
					"rotation": {
						"0.0": [-177.65059, -0.85481, 19.98247],
						"0.1": [-80.25279, -1.93597, 14.87739],
						"0.3": [-85.88, -1.94, 14.88],
						"0.8": [0, 0, 0]
					}
				},
				"rleg": {
					"rotation": {
						"0.0": [-17.5, 0, 0],
						"0.3": [-17.5, 0, 0],
						"0.8": [0, 0, 0]
					},
					"position": {
						"0.0": [0, 0.5, 0.1],
						"0.3": [0, 0.5, 0.1],
						"0.8": [0, 0, 0]
					}
				},
				"calf": {
					"rotation": {
						"0.0": [12.5, 0, 0],
						"0.3": [12.5, 0, 0],
						"0.8": [0, 0, 0]
					}
				},
				"lleg": {
					"rotation": {
						"0.0": [5, 0, 0],
						"0.3": [5, 0, 0],
						"0.8": [0, 0, 0]
					}
				},
				"calf2": {
					"rotation": {
						"0.0": [-7.5, 0, 0],
						"0.3": [-7.5, 0, 0],
						"0.8": [0, 0, 0]
					}
				}
			},
			"timeline": {
				"0.8": "scoreboard players reset #ANIM_LOCK number"
			}
		},
		"animation.miko.sanka": {
			"animation_length": 1.1,
			"bones": {
				"root": {
					"position": {
						"0.0": [0, 0, 0],
						"0.15": [0, 0.5, 0],
						"0.3": [0, 0, 0]
					}
				},
				"rhand": {
					"rotation": {
						"0.0": [0, 0, 0],
						"0.4": {
							"post": [-74.22738, -30.20185, -11.91409],
							"lerp_mode": "catmullrom"
						}
					}
				},
				"stick": {
					"rotation": {
						"0.0": [0, 0, 0],
						"0.4": [-29.30547, 7.61088, 16.11625]
					}
				},
				"paper": {
					"rotation": {
						"0.0": [0, 0, 0],
						"0.1": {
							"post": [53.7234, -18.22569, 20.23521],
							"lerp_mode": "catmullrom"
						},
						"0.3": {
							"post": [64.2744, -19.29753, 15.94175],
							"lerp_mode": "catmullrom"
						},
						"0.4": {
							"post": [56.32127, -6.70419, 20.80493],
							"lerp_mode": "catmullrom"
						},
						"0.5": {
							"post": [45.98222, 0.83808, 27.38435],
							"lerp_mode": "catmullrom"
						},
						"0.7": {
							"post": [75.98, 0.84, 27.38],
							"lerp_mode": "catmullrom"
						}
					}
				},
				"lhand": {
					"rotation": {
						"0.0": [0, 0, 0],
						"0.4": {
							"post": [-93.01418, 27.03609, 21.69661],
							"lerp_mode": "catmullrom"
						}
					}
				},
				"rleg": {
					"rotation": {
						"0.0": [0, 0, 0],
						"0.3": [5, 0, 0]
					},
					"position": {
						"0.0": [0, 0, 0],
						"0.3": [0, -1, 0.15]
					}
				},
				"calf": {
					"rotation": {
						"0.0": [0, 0, 0],
						"0.3": [12.5, 0, 0]
					}
				},
				"lleg": {
					"rotation": {
						"0.0": [0, 0, 0],
						"0.3": [-25, 0, 0]
					},
					"position": {
						"0.0": [0, 0, 0],
						"0.15": [0, 1, 0],
						"0.3": [0, 0, 0]
					}
				},
				"calf2": {
					"rotation": {
						"0.0": [0, 0, 0],
						"0.15": [12.5, 0, 0],
						"0.3": [5, 0, 0]
					}
				}
			},
			"timeline": {
				"1.1": "scoreboard players reset #ANIM_LOCK number"
			}
		},
		"animation.miko.sacrifice": {
			"loop": "hold_on_last_frame",
			"animation_length": 1.15,
			"bones": {
				"upper_body": {
					"position": {
						"0.7": [0, 0, 0],
						"0.85": [0, -0.75, 0]
					}
				},
				"rhand": {
					"rotation": {
						"0.0": [0, 0, 0],
						"0.1": [32.5, 0, 32.5],
						"0.7": [32.5, 0, 32.5],
						"0.75": [-85.19411, -4.80746, 74.5216]
					}
				},
				"stick": {
					"rotation": {
						"0.0": [0, 0, 0],
						"0.1": [-7.5, 60, 0],
						"0.15": [-7.5, 180, 0],
						"0.2": [-7.5, -60, 0],
						"0.25": [-7.5, 60, 0],
						"0.3": [-7.5, 180, 0],
						"0.35": [-7.5, -60, 0],
						"0.4": [-7.5, 60, 0],
						"0.45": [-7.5, 180, 0],
						"0.5": [-7.5, -60, 0],
						"0.55": [-7.5, 60, 0],
						"0.6": [-7.5, 180, 0],
						"0.65": [-7.5, -60, 0],