{
	"format_version": "1.8.0",
	"animations": {
		"animation.miko.flame_end": {
			"animation_length": 0.8,
			"bones": {
				"upper_body": {
					"rotation": {
						"0.4": [0, 2.5, 0],
						"0.5": [0, 0, 0]
					}
				},
				"head": {
					"rotation": {
						"0.35": [0, 27.5, 0],
						"0.5": [0, 0, 0]
					}
				},
				"rhand": {
					"rotation": {
						"0.4": [-80.79864, 17.13502, -14.08618],
						"0.5": [0, 0, 0]
					}
				},
				"stick": {
					"rotation": {
						"0.0": [57.51564, 0.75155, 2.38443],
						"0.15": [50.46013, -32.31921, -68.56998],
						"0.4": [50.46013, -32.31921, -68.56998],
						"0.5": [0, 0, 0]
					}
				},
				"paper": {
					"rotation": {
						"0.0": [18.45086, -2.08589, 15.60651],
						"0.15": [67.92, -1.46, 10.92],
						"0.35": [29.11, -0.63, 4.68],
						"0.45": [-35.89, -0.63, 4.68],
						"0.6": [0, 0, 0],
						"0.7": [17.5, 0, 0],
						"0.8": [0, 0, 0]
					}
				},
				"root": {
					"rotation": {
						"0.35": [0, -30, 0],
						"0.5": [0, 0, 0]
					}
				}
			}
		}
	}
}